<?xml version="1.0" encoding="ISO-8859-1">
<Employee_table>
<Employee_code>101</Employee_code>
<Employee_name>Preetham</Employee_name>
<Date_of_Joining><10-JAN-2010</Date_of_Joining>
<Employee_salary>18000</Employee_salary>
<Grade><A</Grade>

<Employee_code>102</Employee_code>
<Employee_name>Akash</Employee_name>
<Date_of_Joining><10-NOV-2015</Date_of_Joining>
<Employee_salary>48000</Employee_salary>
<Grade><C</Grade>

<Employee_code>103</Employee_code>
<Employee_name>Kishore</Employee_name>
<Date_of_Joining><19-DEC-2011</Date_of_Joining>
<Employee_salary>21000</Employee_salary>
<Grade><B</Grade>

<Employee_code>104</Employee_code>
<Employee_name>Reena</Employee_name>
<Date_of_Joining>23-JUN-2006</Date_of_Joining>
<Employee_salary>42000</Employee_salary>
<Grade>C</Grade>

<Employee_code>105</Employee_code>
<Employee_name>Kailash</Employee_name>
<Date_of_Joining><5-FEB-2004</Date_of_Joining>
<Employee_salary>46000</Employee_salary>
<Grade><C</Grade>

<Employee_code>106</Employee_code>
<Employee_name>Sahana</Employee_name>
<Date_of_Joining>18-NOV-2003</Date_of_Joining>
<Employee_salary>52000</Employee_salary>
<Grade>C</Grade>

<Employee_code>107</Employee_code>
<Employee_name>Keerthana</Employee_name>
<Date_of_Joining><25-JUL-2006</Date_of_Joining>
<Employee_salary>27000</Employee_salary>
<Grade>B</Grade>

</Employee_table>